{
    "MMM": 46.79012345679012,
    "AOS": 47.38292011019284,
    "ABT": 54.01301518438177,
    "ABBV": 46.53465346534654,
    "ABMD": 43.888888888888886,
    "ACN": 54.054054054054056,
    "ATVI": 44.166666666666664,
    "ADM": 43.23529411764706,
    "ADBE": 50.373134328358205,
    "ADP": 51.277013752455794,
    "AAP": 44.97607655502392,
    "AES": 38.46153846153847,
    "AFL": 46.93396226415094,
    "A": 47.368421052631575,
    "AIG": 44.585091420534454,
    "APD": 49.07597535934292,
    "AKAM": 37.01657458563536,
    "ALK": 41.904761904761905,
    "ALB": 42.26415094339623,
    "ARE": 53.47432024169184,
    "ALGN": 50.0,
    "ALLE": 39.83739837398374,
    "LNT": 59.443339960238575,
    "ALL": 56.25,
    "GOOGL": 51.96506550218341,
    "GOOG": 51.32743362831859,
    "MO": 49.85549132947977,
    "AMZN": 55.28846153846154,
    "AMCR": 38.88888888888889,
    "AMD": 40.0,
    "AEE": 51.267605633802816,
    "AAL": 35.23809523809524,
    "AEP": 52.76162790697675,
    "AXP": 42.712842712842715,
    "AMT": 53.40909090909091,
    "AWK": 70.04608294930875,
    "AMP": 47.540983606557376,
    "ABC": 50.55350553505535,
    "AME": 45.30386740331492,
    "AMGN": 42.159383033419026,
    "APH": 48.61878453038674,
    "ADI": 42.08860759493671,
    "ANSS": 51.8348623853211,
    "ANTM": 52.63157894736842,
    "AON": 54.92341356673961,
    "APA": 41.98250728862974,
    "AAPL": 49.122807017543856,
    "AMAT": 40.26845637583892,
    "APTV": 50.81967213114754,
    "ANET": 56.33802816901409,
    "AIZ": 43.45794392523364,
    "T": 48.42300556586271,
    "ATO": 50.22123893805309,
    "ADSK": 43.07116104868914,
    "AZO": 52.14723926380368,
    "AVB": 49.84423676012461,
    "AVY": 38.7308533916849,
    "BKR": 32.432432432432435,
    "BALL": 40.572792362768496,
    "BAC": 46.27249357326478,
    "BBWI": 44.14715719063545,
    "BAX": 49.60159362549801,
    "BDX": 52.64150943396226,
    "WRB": 49.65675057208238,
    "BBY": 39.37282229965157,
    "BIO": 45.69190600522193,
    "TECH": 50.0,
    "BIIB": 43.203883495145625,
    "BLK": 50.89605734767025,
    "BK": 46.81978798586572,
    "BA": 46.96223316912972,
    "BKNG": 46.464646464646464,
    "BWA": 48.249027237354085,
    "BXP": 49.19093851132686,
    "BSX": 36.8,
    "BMY": 45.76271186440678,
    "AVGO": 56.557377049180324,
    "BR": 54.4973544973545,
    "BRO": 49.29577464788733,
    "CHRW": 43.27272727272727,
    "CDNS": 43.7007874015748,
    "CZR": 41.17647058823529,
    "CPT": 58.04597701149425,
    "CPB": 48.875255623721884,
    "COF": 36.69064748201439,
    "CAH": 43.08093994778068,
    "KMX": 39.30348258706468,
    "CCL": 43.142857142857146,
    "CARR": 42.857142857142854,
    "CTLT": 56.060606060606055,
    "CAT": 45.57823129251701,
    "CBOE": 59.44055944055944,
    "CBRE": 45.57823129251701,
    "CDW": 53.46534653465347,
    "CE": 40.43715846994536,
    "CNC": 40.816326530612244,
    "CNP": 52.79503105590062,
    "CDAY": 41.66666666666667,
    "CERN": 46.51162790697674,
    "CF": 51.07913669064749,
    "CRL": 51.50214592274678,
    "SCHW": 45.62043795620438,
    "CHTR": 44.3609022556391,
    "CVX": 46.88385269121813,
    "CMG": 37.41935483870968,
    "CB": 50.0,
    "CHD": 49.65675057208238,
    "CI": 50.8235294117647,
    "CINF": 51.474530831099194,
    "CTAS": 52.01149425287356,
    "CSCO": 42.76315789473684,
    "C": 42.749529190207156,
    "CFG": 36.904761904761905,
    "CTXS": 38.18181818181819,
    "CLX": 58.195211786372006,
    "CME": 51.072961373390555,
    "CMS": 60.12793176972282,
    "KO": 52.86839145106862,
    "CTSH": 43.18181818181818,
    "CL": 46.30541871921182,
    "CMCSA": 47.4025974025974,
    "CMA": 39.740259740259745,
    "CAG": 43.61702127659575,
    "COP": 45.19906323185012,
    "ED": 55.61797752808989,
    "STZ": 45.90163934426229,
    "COO": 46.86648501362398,
    "CPRT": 53.75,
    "GLW": 45.1764705882353,
    "CTVA": 41.66666666666667,
    "COST": 53.05555555555556,
    "CTRA": 35.56485355648535,
    "CCI": 48.63813229571984,
    "CSX": 46.902654867256636,
    "CMI": 41.23989218328841,
    "CVS": 50.34013605442177,
    "DHI": 44.87804878048781,
    "DHR": 58.19070904645477,
    "DRI": 42.80701754385965,
    "DVA": 45.26315789473684,
    "DE": 44.00684931506849,
    "DAL": 42.016806722689076,
    "XRAY": 47.33893557422969,
    "DVN": 36.11111111111111,
    "DXCM": 44.85981308411215,
    "FANG": 39.705882352941174,
    "DLR": 54.45026178010471,
    "DFS": 41.25,
    "DISH": 42.54385964912281,
    "DIS": 46.63742690058479,
    "DG": 39.50617283950617,
    "DLTR": 45.0199203187251,
    "D": 59.9644128113879,
    "DPZ": 59.73451327433629,
    "DOV": 50.76923076923077,
    "DOW": 33.33333333333333,
    "DTE": 61.7124394184168,
    "DUK": 62.560777957860616,
    "DRE": 48.732394366197184,
    "DD": 43.207855973813416,
    "DXC": 44.469026548672566,
    "EMN": 45.67164179104478,
    "ETN": 43.20987654320987,
    "EBAY": 42.71356783919598,
    "ECL": 49.651972157772626,
    "EIX": 54.88029465930019,
    "EW": 46.03174603174603,
    "EA": 44.48669201520912,
    "EMR": 45.84615384615385,
    "ENPH": 43.24324324324324,
    "ETR": 49.19210053859964,
    "EOG": 42.04081632653061,
    "EPAM": 51.45631067961165,
    "EFX": 50.8235294117647,
    "EQIX": 48.4375,
    "EQR": 51.533742331288344,
    "ESS": 49.404761904761905,
    "EL": 45.70446735395189,
    "ETSY": 46.15384615384615,
    "RE": 47.44027303754266,
    "EVRG": 54.054054054054056,
    "ES": 47.893569844789354,
    "EXC": 53.39168490153173,
    "EXPE": 47.82608695652174,
    "EXPD": 48.754448398576514,
    "EXR": 65.26315789473685,
    "XOM": 43.673469387755105,
    "FFIV": 41.711229946524064,
    "FDS": 49.11032028469751,
    "FAST": 43.13099041533546,
    "FRT": 53.75494071146245,
    "FDX": 41.5929203539823,
    "FITB": 37.391304347826086,
    "FRC": 43.13725490196079,
    "FE": 48.4472049689441,
    "FIS": 54.35540069686411,
    "FISV": 51.56794425087108,
    "FLT": 47.22222222222222,
    "FMC": 42.64705882352941,
    "F": 42.5,
    "FTNT": 48.35164835164835,
    "FTV": 45.94594594594595,
    "FBHS": 55.46218487394958,
    "FOXA": 50.0,
    "FOX": 35.483870967741936,
    "BEN": 44.94047619047619,
    "FCX": 43.57798165137615,
    "AJG": 56.69642857142857,
    "GRMN": 51.45631067961165,
    "IT": 56.9811320754717,
    "GE": 41.256157635467986,
    "GNRC": 32.967032967032964,
    "GD": 46.02076124567474,
    "GIS": 52.55354200988468,
    "GPC": 47.59916492693111,
    "GILD": 41.11498257839721,
    "GL": 54.80984340044742,
    "GPN": 48.4375,
    "GM": 29.927007299270077,
    "GS": 37.890625,
    "GWW": 45.4337899543379,
    "HAL": 43.63636363636363,
    "HIG": 45.48494983277592,
    "HAS": 42.5531914893617,
    "HCA": 39.04761904761905,
    "PEAK": 51.08958837772397,
    "HSIC": 47.368421052631575,
    "HSY": 55.945419103313846,
    "HES": 36.224489795918366,
    "HPE": 37.03703703703704,
    "HLT": 49.48453608247423,
    "HOLX": 42.05607476635514,
    "HD": 50.114942528735625,
    "HON": 44.18604651162791,
    "HRL": 51.1002444987775,
    "HST": 42.119565217391305,
    "HWM": 44.680851063829785,
    "HPQ": 43.936731107205624,
    "HUM": 44.57478005865102,
    "HII": 55.55555555555556,
    "HBAN": 42.66211604095563,
    "IEX": 49.744897959183675,
    "IDXX": 54.077253218884124,
    "ITW": 45.49653579676674,
    "ILMN": 50.37593984962406,
    "INCY": 34.306569343065696,
    "IR": 49.056603773584904,
    "INTC": 43.89671361502347,
    "ICE": 56.9060773480663,
    "IBM": 42.47191011235955,
    "IP": 38.63636363636363,
    "IPG": 40.853658536585364,
    "IFF": 50.99206349206349,
    "INTU": 50.0,
    "ISRG": 55.95854922279793,
    "IVZ": 40.97222222222222,
    "IPGP": 42.10526315789473,
    "IQV": 53.63636363636364,
    "IRM": 40.53156146179402,
    "JBHT": 45.220588235294116,
    "JKHY": 56.12903225806451,
    "J": 41.260744985673355,
    "JNJ": 46.82230869001297,
    "JCI": 46.612466124661246,
    "JPM": 45.33333333333333,
    "JNPR": 35.07109004739337,
    "K": 50.0,
    "KEY": 44.662921348314605,
    "KEYS": 43.58974358974359,