{
    "2.0": {
        "2.0": {
            "Stock": [
                "MMM",
                "AOS",
                "ABT",
                "ABBV",
                "ABMD"
            ],
            "Best case profits ratio": [
                0.508557457212714,
                0.467966573816156,
                0.5064935064935064,
                0.6274509803921569,
                0.48066298342541436
            ],
            "Worst case profits ratio": [
                0.5073349633251834,
                0.45403899721448465,
                0.5,
                0.6274509803921569,
                0.4198895027624309
            ],
            "Best case losses ratio": [
                0.49144254278728605,
                0.532033426183844,
                0.4935064935064935,
                0.37254901960784315,
                0.5193370165745856
            ],
            "Worst case losses ratio": [
                0.49266503667481665,
                0.5459610027855153,
                0.5,
                0.37254901960784315,
                0.580110497237569
            ],
            "Max. trade period in days": [
                48,
                56,
                62,
                23,
                25
            ],
            "Min. trade period in days": [
                1,
                1,
                1,
                1,
                1
            ],
            "Avg. trade period in days": [
                8.448655256723717,
                6.571030640668524,
                7.82034632034632,
                5.5,
                2.867403314917127
            ],
            "Median trade period in days": [
                7.0,
                5,
                5.5,
                5.0,
                1
            ],
            "Total exploration time": [
                13.146541357040405,
                7.431680679321289,
                7.589306592941284,
                2.218595504760742,
                2.2839715480804443
            ]
        }
    }
}