{
    "2.0": {
        "2.0": {
            "Stock": [
                "MMM",
                "AOS",
                "ABT",
                "ABBV",
                "ABMD"
            ],
            "Best case profits ratio": [
                0.3848964677222899,
                0.41081081081081083,
                0.38344226579520696,
                0.4019607843137255,
                0.425414364640884
            ],
            "Worst case profits ratio": [
                0.38246041412911086,
                0.4027027027027027,
                0.38344226579520696,
                0.4019607843137255,
                0.3701657458563536
            ],
            "Best case losses ratio": [
                0.6151035322777101,
                0.5891891891891892,
                0.616557734204793,
                0.5980392156862745,
                0.574585635359116
            ],
            "Worst case losses ratio": [
                0.6175395858708892,
                0.5972972972972973,
                0.616557734204793,
                0.5980392156862745,
                0.6298342541436464
            ],
            "Max. trade period in days": [
                53,
                64,
                47,
                20,
                18
            ],
            "Min. trade period in days": [
                1,
                1,
                1,
                1,
                1
            ],
            "Avg. trade period in days": [
                8.97198538367844,
                7.710810810810811,
                7.276688453159041,
                6.009803921568627,
                3.1049723756906076
            ],
            "Median trade period in days": [
                7,
                5.0,
                5,
                5.0,
                1
            ],
            "Total exploration time": [
                5.619082450866699,
                2.558781385421753,
                3.239396572113037,
                0.6492173671722412,
                0.7726931571960449
            ]
        }
    }
}